{
  "Open Proposal" : {
    "transaction" : "Open Proposal",
    "sampleCount" : 30,
    "errorCount" : 0,
    "errorPct" : 0.0,
    "meanResTime" : 1503.3333333333333,
    "medianResTime" : 1529.0,
    "minResTime" : 158.0,
    "maxResTime" : 2230.0,
    "pct1ResTime" : 2047.1000000000001,
    "pct2ResTime" : 2220.1,
    "pct3ResTime" : 2230.0,
    "throughput" : 0.15614752818462882,
    "receivedKBytesPerSec" : 33.36151918207322,
    "sentKBytesPerSec" : 0.0
  },
  "Total" : {
    "transaction" : "Total",
    "sampleCount" : 90,
    "errorCount" : 0,
    "errorPct" : 0.0,
    "meanResTime" : 3104.0111111111114,
    "medianResTime" : 1621.5,
    "minResTime" : 158.0,
    "maxResTime" : 6903.0,
    "pct1ResTime" : 6614.000000000002,
    "pct2ResTime" : 6729.25,
    "pct3ResTime" : 6903.0,
    "throughput" : 0.4478703763604063,
    "receivedKBytesPerSec" : 79.53841592602177,
    "sentKBytesPerSec" : 0.0
  },
  "Login" : {
    "transaction" : "Login",
    "sampleCount" : 30,
    "errorCount" : 0,
    "errorPct" : 0.0,
    "meanResTime" : 6229.1,
    "medianResTime" : 6182.0,
    "minResTime" : 5463.0,
    "maxResTime" : 6903.0,
    "pct1ResTime" : 6749.3,
    "pct2ResTime" : 6838.1,
    "pct3ResTime" : 6903.0,
    "throughput" : 0.15153581548999104,
    "receivedKBytesPerSec" : 23.941918926444515,
    "sentKBytesPerSec" : 0.0
  },
  "Search Proposal" : {
    "transaction" : "Search Proposal",
    "sampleCount" : 30,
    "errorCount" : 0,
    "errorPct" : 0.0,
    "meanResTime" : 1579.6,
    "medianResTime" : 1501.5,
    "minResTime" : 1320.0,
    "maxResTime" : 2220.0,
    "pct1ResTime" : 2043.4000000000005,
    "pct2ResTime" : 2168.2999999999997,
    "pct3ResTime" : 2220.0,
    "throughput" : 0.15565817464847195,
    "receivedKBytesPerSec" : 25.080970626005293,
    "sentKBytesPerSec" : 0.0
  }
}