{
  "Open Proposal" : {
    "transaction" : "Open Proposal",
    "sampleCount" : 30,
    "errorCount" : 30,
    "errorPct" : 100.0,
    "meanResTime" : 20041.4,
    "medianResTime" : 20042.0,
    "minResTime" : 20012.0,
    "maxResTime" : 20086.0,
    "pct1ResTime" : 20063.5,
    "pct2ResTime" : 20075.55,
    "pct3ResTime" : 20086.0,
    "throughput" : 0.14219020309500677,
    "receivedKBytesPerSec" : 0.3087730614735644,
    "sentKBytesPerSec" : 0.0
  },
  "Total" : {
    "transaction" : "Total",
    "sampleCount" : 90,
    "errorCount" : 60,
    "errorPct" : 66.666664,
    "meanResTime" : 16447.977777777778,
    "medianResTime" : 20026.0,
    "minResTime" : 8023.0,
    "maxResTime" : 20327.0,
    "pct1ResTime" : 20149.9,
    "pct2ResTime" : 20254.6,
    "pct3ResTime" : 20327.0,
    "throughput" : 0.3734873761266869,
    "receivedKBytesPerSec" : 20.70784060233139,
    "sentKBytesPerSec" : 0.0
  },
  "Login" : {
    "transaction" : "Login",
    "sampleCount" : 30,
    "errorCount" : 0,
    "errorPct" : 0.0,
    "meanResTime" : 9199.966666666667,
    "medianResTime" : 9321.0,
    "minResTime" : 8023.0,
    "maxResTime" : 10333.0,
    "pct1ResTime" : 9999.6,
    "pct2ResTime" : 10198.25,
    "pct3ResTime" : 10333.0,
    "throughput" : 0.1495498549366407,
    "receivedKBytesPerSec" : 24.22663836539516,
    "sentKBytesPerSec" : 0.0
  },
  "Search Proposal" : {
    "transaction" : "Search Proposal",
    "sampleCount" : 30,
    "errorCount" : 30,
    "errorPct" : 100.0,
    "meanResTime" : 20102.566666666666,
    "medianResTime" : 20049.5,
    "minResTime" : 20013.0,
    "maxResTime" : 20327.0,
    "pct1ResTime" : 20267.1,
    "pct2ResTime" : 20298.4,
    "pct3ResTime" : 20327.0,
    "throughput" : 0.14209591474245115,
    "receivedKBytesPerSec" : 0.30764320603907636,
    "sentKBytesPerSec" : 0.0
  }
}