{
  "Open Proposal" : {
    "transaction" : "Open Proposal",
    "sampleCount" : 30,
    "errorCount" : 3,
    "errorPct" : 10.0,
    "meanResTime" : 3412.7000000000003,
    "medianResTime" : 1630.5,
    "minResTime" : 189.0,
    "maxResTime" : 20043.0,
    "pct1ResTime" : 18367.500000000036,
    "pct2ResTime" : 20035.85,
    "pct3ResTime" : 20043.0,
    "throughput" : 0.1633862341651508,
    "receivedKBytesPerSec" : 31.218918321859988,
    "sentKBytesPerSec" : 0.0
  },
  "Total" : {
    "transaction" : "Total",
    "sampleCount" : 90,
    "errorCount" : 8,
    "errorPct" : 8.888889,
    "meanResTime" : 4790.477777777776,
    "medianResTime" : 1842.0,
    "minResTime" : 189.0,
    "maxResTime" : 20254.0,
    "pct1ResTime" : 8375.800000000001,
    "pct2ResTime" : 20048.7,
    "pct3ResTime" : 20254.0,
    "throughput" : 0.46912383305446526,
    "receivedKBytesPerSec" : 75.2765234552143,
    "sentKBytesPerSec" : 0.0
  },
  "Login" : {
    "transaction" : "Login",
    "sampleCount" : 30,
    "errorCount" : 2,
    "errorPct" : 6.6666665,
    "meanResTime" : 7580.700000000001,
    "medianResTime" : 6604.5,
    "minResTime" : 5630.0,
    "maxResTime" : 20254.0,
    "pct1ResTime" : 8375.800000000001,
    "pct2ResTime" : 20253.45,
    "pct3ResTime" : 20254.0,
    "throughput" : 0.15919510952623536,
    "receivedKBytesPerSec" : 23.095743545633276,
    "sentKBytesPerSec" : 0.0
  },
  "Search Proposal" : {
    "transaction" : "Search Proposal",
    "sampleCount" : 30,
    "errorCount" : 3,
    "errorPct" : 10.0,
    "meanResTime" : 3378.0333333333338,
    "medianResTime" : 1501.0,
    "minResTime" : 1414.0,
    "maxResTime" : 20059.0,
    "pct1ResTime" : 18239.70000000004,
    "pct2ResTime" : 20055.15,
    "pct3ResTime" : 20059.0,
    "throughput" : 0.1633559853633037,
    "receivedKBytesPerSec" : 23.72472363910851,
    "sentKBytesPerSec" : 0.0
  }
}