{
  "Open Proposal" : {
    "transaction" : "Open Proposal",
    "sampleCount" : 30,
    "errorCount" : 0,
    "errorPct" : 0.0,
    "meanResTime" : 1516.8666666666668,
    "medianResTime" : 1560.0,
    "minResTime" : 179.0,
    "maxResTime" : 2056.0,
    "pct1ResTime" : 1858.8,
    "pct2ResTime" : 2043.9,
    "pct3ResTime" : 2056.0,
    "throughput" : 0.1575530953931475,
    "receivedKBytesPerSec" : 33.64500706855398,
    "sentKBytesPerSec" : 0.0
  },
  "Total" : {
    "transaction" : "Total",
    "sampleCount" : 90,
    "errorCount" : 0,
    "errorPct" : 0.0,
    "meanResTime" : 3158.2888888888883,
    "medianResTime" : 1652.0,
    "minResTime" : 179.0,
    "maxResTime" : 7493.0,
    "pct1ResTime" : 6640.5,
    "pct2ResTime" : 6806.85,
    "pct3ResTime" : 7493.0,
    "throughput" : 0.449842555105713,
    "receivedKBytesPerSec" : 79.87309910281402,
    "sentKBytesPerSec" : 0.0
  },
  "Login" : {
    "transaction" : "Login",
    "sampleCount" : 30,
    "errorCount" : 0,
    "errorPct" : 0.0,
    "meanResTime" : 6407.2666666666655,
    "medianResTime" : 6460.0,
    "minResTime" : 5516.0,
    "maxResTime" : 7493.0,
    "pct1ResTime" : 6883.6,
    "pct2ResTime" : 7240.0,
    "pct3ResTime" : 7493.0,
    "throughput" : 0.15120205634796632,
    "receivedKBytesPerSec" : 23.88918661168792,
    "sentKBytesPerSec" : 0.0
  },
  "Search Proposal" : {
    "transaction" : "Search Proposal",
    "sampleCount" : 30,
    "errorCount" : 0,
    "errorPct" : 0.0,
    "meanResTime" : 1550.7333333333333,
    "medianResTime" : 1520.5,
    "minResTime" : 1242.0,
    "maxResTime" : 2007.0,
    "pct1ResTime" : 1937.0000000000005,
    "pct2ResTime" : 1988.85,
    "pct3ResTime" : 2007.0,
    "throughput" : 0.1563444581101082,
    "receivedKBytesPerSec" : 25.192013591219176,
    "sentKBytesPerSec" : 0.0
  }
}