{
  "Open Proposal" : {
    "transaction" : "Open Proposal",
    "sampleCount" : 30,
    "errorCount" : 30,
    "errorPct" : 100.0,
    "meanResTime" : 20034.1,
    "medianResTime" : 20028.0,
    "minResTime" : 20007.0,
    "maxResTime" : 20066.0,
    "pct1ResTime" : 20062.9,
    "pct2ResTime" : 20065.45,
    "pct3ResTime" : 20066.0,
    "throughput" : 0.14168988806498842,
    "receivedKBytesPerSec" : 0.30768660263070896,
    "sentKBytesPerSec" : 0.0
  },
  "Total" : {
    "transaction" : "Total",
    "sampleCount" : 90,
    "errorCount" : 60,
    "errorPct" : 66.666664,
    "meanResTime" : 15793.366666666665,
    "medianResTime" : 20020.5,
    "minResTime" : 6662.0,
    "maxResTime" : 20176.0,
    "pct1ResTime" : 20059.9,
    "pct2ResTime" : 20064.45,
    "pct3ResTime" : 20176.0,
    "throughput" : 0.37564642488949734,
    "receivedKBytesPerSec" : 20.657198800696616,
    "sentKBytesPerSec" : 0.0
  },
  "Login" : {
    "transaction" : "Login",
    "sampleCount" : 30,
    "errorCount" : 0,
    "errorPct" : 0.0,
    "meanResTime" : 7306.300000000002,
    "medianResTime" : 7351.5,
    "minResTime" : 6662.0,
    "maxResTime" : 7877.0,
    "pct1ResTime" : 7661.8,
    "pct2ResTime" : 7821.45,
    "pct3ResTime" : 7877.0,
    "throughput" : 0.15051325018312445,
    "receivedKBytesPerSec" : 24.17793993925536,
    "sentKBytesPerSec" : 0.0
  },
  "Search Proposal" : {
    "transaction" : "Search Proposal",
    "sampleCount" : 30,
    "errorCount" : 30,
    "errorPct" : 100.0,
    "meanResTime" : 20039.699999999997,
    "medianResTime" : 20033.0,
    "minResTime" : 20011.0,
    "maxResTime" : 20176.0,
    "pct1ResTime" : 20063.9,
    "pct2ResTime" : 20116.05,
    "pct3ResTime" : 20176.0,
    "throughput" : 0.14162834833020177,
    "receivedKBytesPerSec" : 0.3066309064922435,
    "sentKBytesPerSec" : 0.0
  }
}