{
  "Open Proposal" : {
    "transaction" : "Open Proposal",
    "sampleCount" : 30,
    "errorCount" : 0,
    "errorPct" : 0.0,
    "meanResTime" : 1527.6000000000004,
    "medianResTime" : 1532.0,
    "minResTime" : 271.0,
    "maxResTime" : 2094.0,
    "pct1ResTime" : 1738.9,
    "pct2ResTime" : 1987.85,
    "pct3ResTime" : 2094.0,
    "throughput" : 0.15585144240509946,
    "receivedKBytesPerSec" : 33.2416312645786,
    "sentKBytesPerSec" : 0.0
  },
  "Total" : {
    "transaction" : "Total",
    "sampleCount" : 90,
    "errorCount" : 0,
    "errorPct" : 0.0,
    "meanResTime" : 3065.055555555556,
    "medianResTime" : 1562.0,
    "minResTime" : 271.0,
    "maxResTime" : 7043.0,
    "pct1ResTime" : 6271.0,
    "pct2ResTime" : 6522.95,
    "pct3ResTime" : 7043.0,
    "throughput" : 0.4472005247152823,
    "receivedKBytesPerSec" : 79.34817301505078,
    "sentKBytesPerSec" : 0.0
  },
  "Login" : {
    "transaction" : "Login",
    "sampleCount" : 30,
    "errorCount" : 0,
    "errorPct" : 0.0,
    "meanResTime" : 6139.133333333331,
    "medianResTime" : 6159.5,
    "minResTime" : 5632.0,
    "maxResTime" : 7043.0,
    "pct1ResTime" : 6612.7,
    "pct2ResTime" : 6982.5,
    "pct3ResTime" : 7043.0,
    "throughput" : 0.15124550674807036,
    "receivedKBytesPerSec" : 23.878553954313773,
    "sentKBytesPerSec" : 0.0
  },
  "Search Proposal" : {
    "transaction" : "Search Proposal",
    "sampleCount" : 30,
    "errorCount" : 0,
    "errorPct" : 0.0,
    "meanResTime" : 1528.4333333333332,
    "medianResTime" : 1502.0,
    "minResTime" : 1266.0,
    "maxResTime" : 2058.0,
    "pct1ResTime" : 1822.1000000000006,
    "pct2ResTime" : 1963.3999999999999,
    "pct3ResTime" : 2058.0,
    "throughput" : 0.155386472053743,
    "receivedKBytesPerSec" : 25.03732310221322,
    "sentKBytesPerSec" : 0.0
  }
}