{
  "Open Proposal" : {
    "transaction" : "Open Proposal",
    "sampleCount" : 30,
    "errorCount" : 0,
    "errorPct" : 0.0,
    "meanResTime" : 1471.0,
    "medianResTime" : 1561.0,
    "minResTime" : 161.0,
    "maxResTime" : 2052.0,
    "pct1ResTime" : 1933.3,
    "pct2ResTime" : 2031.1,
    "pct3ResTime" : 2052.0,
    "throughput" : 0.1554943944270809,
    "receivedKBytesPerSec" : 33.23604607882011,
    "sentKBytesPerSec" : 0.0
  },
  "Total" : {
    "transaction" : "Total",
    "sampleCount" : 90,
    "errorCount" : 0,
    "errorPct" : 0.0,
    "meanResTime" : 3038.222222222224,
    "medianResTime" : 1591.5,
    "minResTime" : 161.0,
    "maxResTime" : 6782.0,
    "pct1ResTime" : 6382.5,
    "pct2ResTime" : 6438.4,
    "pct3ResTime" : 6782.0,
    "throughput" : 0.4475986333321729,
    "receivedKBytesPerSec" : 79.50365818633034,
    "sentKBytesPerSec" : 0.0
  },
  "Login" : {
    "transaction" : "Login",
    "sampleCount" : 30,
    "errorCount" : 0,
    "errorPct" : 0.0,
    "meanResTime" : 6131.333333333333,
    "medianResTime" : 6198.0,
    "minResTime" : 5364.0,
    "maxResTime" : 6782.0,
    "pct1ResTime" : 6452.2,
    "pct2ResTime" : 6647.25,
    "pct3ResTime" : 6782.0,
    "throughput" : 0.15155571946025956,
    "receivedKBytesPerSec" : 23.945063656559583,
    "sentKBytesPerSec" : 0.0
  },
  "Search Proposal" : {
    "transaction" : "Search Proposal",
    "sampleCount" : 30,
    "errorCount" : 0,
    "errorPct" : 0.0,
    "meanResTime" : 1512.3333333333333,
    "medianResTime" : 1505.5,
    "minResTime" : 1309.0,
    "maxResTime" : 1731.0,
    "pct1ResTime" : 1654.1000000000001,
    "pct2ResTime" : 1704.6,
    "pct3ResTime" : 1731.0,
    "throughput" : 0.1552320978583145,
    "receivedKBytesPerSec" : 25.012317505264956,
    "sentKBytesPerSec" : 0.0
  }
}