{
  "Open Proposal" : {
    "transaction" : "Open Proposal",
    "sampleCount" : 30,
    "errorCount" : 0,
    "errorPct" : 0.0,
    "meanResTime" : 1476.7,
    "medianResTime" : 1530.0,
    "minResTime" : 189.0,
    "maxResTime" : 2012.0,
    "pct1ResTime" : 1911.8000000000002,
    "pct2ResTime" : 1990.0,
    "pct3ResTime" : 2012.0,
    "throughput" : 0.15565171372536812,
    "receivedKBytesPerSec" : 33.27172423672291,
    "sentKBytesPerSec" : 0.0
  },
  "Total" : {
    "transaction" : "Total",
    "sampleCount" : 90,
    "errorCount" : 0,
    "errorPct" : 0.0,
    "meanResTime" : 3038.6777777777784,
    "medianResTime" : 1562.0,
    "minResTime" : 189.0,
    "maxResTime" : 7459.0,
    "pct1ResTime" : 6350.5,
    "pct2ResTime" : 6581.75,
    "pct3ResTime" : 7459.0,
    "throughput" : 0.44793279017334997,
    "receivedKBytesPerSec" : 79.56479091181697,
    "sentKBytesPerSec" : 0.0
  },
  "Login" : {
    "transaction" : "Login",
    "sampleCount" : 30,
    "errorCount" : 0,
    "errorPct" : 0.0,
    "meanResTime" : 6126.833333333333,
    "medianResTime" : 6044.0,
    "minResTime" : 5535.0,
    "maxResTime" : 7459.0,
    "pct1ResTime" : 6665.5,
    "pct2ResTime" : 7056.4,
    "pct3ResTime" : 7459.0,
    "throughput" : 0.15157792621186553,
    "receivedKBytesPerSec" : 23.94857221488192,
    "sentKBytesPerSec" : 0.0
  },
  "Search Proposal" : {
    "transaction" : "Search Proposal",
    "sampleCount" : 30,
    "errorCount" : 0,
    "errorPct" : 0.0,
    "meanResTime" : 1512.4999999999998,
    "medianResTime" : 1474.0,
    "minResTime" : 1290.0,
    "maxResTime" : 2134.0,
    "pct1ResTime" : 1821.5000000000005,
    "pct2ResTime" : 2008.0499999999997,
    "pct3ResTime" : 2134.0,
    "throughput" : 0.15540337536131282,
    "receivedKBytesPerSec" : 25.039717905641663,
    "sentKBytesPerSec" : 0.0
  }
}