{
  "Open Proposal" : {
    "transaction" : "Open Proposal",
    "sampleCount" : 30,
    "errorCount" : 0,
    "errorPct" : 0.0,
    "meanResTime" : 1577.7000000000003,
    "medianResTime" : 1504.0,
    "minResTime" : 1413.0,
    "maxResTime" : 2069.0,
    "pct1ResTime" : 1824.8000000000002,
    "pct2ResTime" : 2013.4499999999998,
    "pct3ResTime" : 2069.0,
    "throughput" : 0.1566874190448335,
    "receivedKBytesPerSec" : 33.44454195697364,
    "sentKBytesPerSec" : 0.0
  },
  "Total" : {
    "transaction" : "Total",
    "sampleCount" : 90,
    "errorCount" : 0,
    "errorPct" : 0.0,
    "meanResTime" : 3140.188888888889,
    "medianResTime" : 1627.0,
    "minResTime" : 1305.0,
    "maxResTime" : 7247.0,
    "pct1ResTime" : 6569.8,
    "pct2ResTime" : 6772.1,
    "pct3ResTime" : 7247.0,
    "throughput" : 0.4488733279468534,
    "receivedKBytesPerSec" : 79.68559949682546,
    "sentKBytesPerSec" : 0.0
  },
  "Login" : {
    "transaction" : "Login",
    "sampleCount" : 30,
    "errorCount" : 0,
    "errorPct" : 0.0,
    "meanResTime" : 6306.400000000001,
    "medianResTime" : 6240.0,
    "minResTime" : 5609.0,
    "maxResTime" : 7247.0,
    "pct1ResTime" : 6832.3,
    "pct2ResTime" : 7027.549999999999,
    "pct3ResTime" : 7247.0,
    "throughput" : 0.1520450053215752,
    "receivedKBytesPerSec" : 24.022368433556334,
    "sentKBytesPerSec" : 0.0
  },
  "Search Proposal" : {
    "transaction" : "Search Proposal",
    "sampleCount" : 30,
    "errorCount" : 0,
    "errorPct" : 0.0,
    "meanResTime" : 1536.4666666666667,
    "medianResTime" : 1513.5,
    "minResTime" : 1305.0,
    "maxResTime" : 1927.0,
    "pct1ResTime" : 1701.8,
    "pct2ResTime" : 1812.6,
    "pct3ResTime" : 1927.0,
    "throughput" : 0.15650431951921873,
    "receivedKBytesPerSec" : 25.217242463990967,
    "sentKBytesPerSec" : 0.0
  }
}