{
  "Open Proposal" : {
    "transaction" : "Open Proposal",
    "sampleCount" : 30,
    "errorCount" : 30,
    "errorPct" : 100.0,
    "meanResTime" : 20041.300000000003,
    "medianResTime" : 20039.5,
    "minResTime" : 20013.0,
    "maxResTime" : 20078.0,
    "pct1ResTime" : 20064.0,
    "pct2ResTime" : 20072.5,
    "pct3ResTime" : 20078.0,
    "throughput" : 0.14303627876817154,
    "receivedKBytesPerSec" : 0.3106103566609611,
    "sentKBytesPerSec" : 0.0
  },
  "Total" : {
    "transaction" : "Total",
    "sampleCount" : 90,
    "errorCount" : 61,
    "errorPct" : 67.77778,
    "meanResTime" : 16433.777777777777,
    "medianResTime" : 20028.5,
    "minResTime" : 7778.0,
    "maxResTime" : 22701.0,
    "pct1ResTime" : 20065.0,
    "pct2ResTime" : 20251.0,
    "pct3ResTime" : 22701.0,
    "throughput" : 0.37492501499700065,
    "receivedKBytesPerSec" : 20.121642989110512,
    "sentKBytesPerSec" : 0.0
  },
  "Login" : {
    "transaction" : "Login",
    "sampleCount" : 30,
    "errorCount" : 1,
    "errorPct" : 3.3333333,
    "meanResTime" : 9179.233333333337,
    "medianResTime" : 8699.0,
    "minResTime" : 7778.0,
    "maxResTime" : 22701.0,
    "pct1ResTime" : 9464.9,
    "pct2ResTime" : 15577.39999999999,
    "pct3ResTime" : 22701.0,
    "throughput" : 0.1502644654592082,
    "receivedKBytesPerSec" : 23.541745972912327,
    "sentKBytesPerSec" : 0.0
  },
  "Search Proposal" : {
    "transaction" : "Search Proposal",
    "sampleCount" : 30,
    "errorCount" : 30,
    "errorPct" : 100.0,
    "meanResTime" : 20080.799999999996,
    "medianResTime" : 20041.0,
    "minResTime" : 20013.0,
    "maxResTime" : 20664.0,
    "pct1ResTime" : 20260.0,
    "pct2ResTime" : 20454.45,
    "pct3ResTime" : 20664.0,
    "throughput" : 0.14301036825169827,
    "receivedKBytesPerSec" : 0.30962303360743654,
    "sentKBytesPerSec" : 0.0
  }
}