{
  "Open Proposal" : {
    "transaction" : "Open Proposal",
    "sampleCount" : 30,
    "errorCount" : 3,
    "errorPct" : 10.0,
    "meanResTime" : 3411.7666666666664,
    "medianResTime" : 1555.5,
    "minResTime" : 208.0,
    "maxResTime" : 20050.0,
    "pct1ResTime" : 18228.10000000004,
    "pct2ResTime" : 20043.95,
    "pct3ResTime" : 20050.0,
    "throughput" : 0.13813553859046496,
    "receivedKBytesPerSec" : 26.593550818625737,
    "sentKBytesPerSec" : 0.0
  },
  "Total" : {
    "transaction" : "Total",
    "sampleCount" : 90,
    "errorCount" : 9,
    "errorPct" : 10.0,
    "meanResTime" : 4870.011111111112,
    "medianResTime" : 1699.0,
    "minResTime" : 208.0,
    "maxResTime" : 21005.0,
    "pct1ResTime" : 18748.20000000007,
    "pct2ResTime" : 20048.9,
    "pct3ResTime" : 21005.0,
    "throughput" : 0.3990794567198329,
    "receivedKBytesPerSec" : 63.873979125650166,
    "sentKBytesPerSec" : 0.0
  },
  "Login" : {
    "transaction" : "Login",
    "sampleCount" : 30,
    "errorCount" : 3,
    "errorPct" : 10.0,
    "meanResTime" : 7776.833333333333,
    "medianResTime" : 6334.5,
    "minResTime" : 5566.0,
    "maxResTime" : 21005.0,
    "pct1ResTime" : 18974.100000000028,
    "pct2ResTime" : 20692.6,
    "pct3ResTime" : 21005.0,
    "throughput" : 0.15103914934751086,
    "receivedKBytesPerSec" : 21.509302359609112,
    "sentKBytesPerSec" : 0.0
  },
  "Search Proposal" : {
    "transaction" : "Search Proposal",
    "sampleCount" : 30,
    "errorCount" : 3,
    "errorPct" : 10.0,
    "meanResTime" : 3421.4333333333334,
    "medianResTime" : 1544.5,
    "minResTime" : 1341.0,
    "maxResTime" : 20048.0,
    "pct1ResTime" : 18218.900000000038,
    "pct2ResTime" : 20032.6,
    "pct3ResTime" : 20048.0,
    "throughput" : 0.15081515591773537,
    "receivedKBytesPerSec" : 21.90337799242405,
    "sentKBytesPerSec" : 0.0
  }
}