{
  "Open Proposal" : {
    "transaction" : "Open Proposal",
    "sampleCount" : 30,
    "errorCount" : 30,
    "errorPct" : 100.0,
    "meanResTime" : 20043.36666666667,
    "medianResTime" : 20044.5,
    "minResTime" : 20010.0,
    "maxResTime" : 20091.0,
    "pct1ResTime" : 20075.1,
    "pct2ResTime" : 20088.25,
    "pct3ResTime" : 20091.0,
    "throughput" : 0.14063774529566742,
    "receivedKBytesPerSec" : 0.30540182254798093,
    "sentKBytesPerSec" : 0.0
  },
  "Total" : {
    "transaction" : "Total",
    "sampleCount" : 90,
    "errorCount" : 60,
    "errorPct" : 66.666664,
    "meanResTime" : 16460.37777777778,
    "medianResTime" : 20028.5,
    "minResTime" : 7130.0,
    "maxResTime" : 20251.0,
    "pct1ResTime" : 20073.0,
    "pct2ResTime" : 20104.95,
    "pct3ResTime" : 20251.0,
    "throughput" : 0.3718501196117885,
    "receivedKBytesPerSec" : 20.583457530842903,
    "sentKBytesPerSec" : 0.0
  },
  "Login" : {
    "transaction" : "Login",
    "sampleCount" : 30,
    "errorCount" : 0,
    "errorPct" : 0.0,
    "meanResTime" : 9275.166666666666,
    "medianResTime" : 9452.0,
    "minResTime" : 7130.0,
    "maxResTime" : 11041.0,
    "pct1ResTime" : 10584.5,
    "pct2ResTime" : 10976.1,
    "pct3ResTime" : 11041.0,
    "throughput" : 0.14881395279621418,
    "receivedKBytesPerSec" : 24.067076997889323,
    "sentKBytesPerSec" : 0.0
  },
  "Search Proposal" : {
    "transaction" : "Search Proposal",
    "sampleCount" : 30,
    "errorCount" : 30,
    "errorPct" : 100.0,
    "meanResTime" : 20062.6,
    "medianResTime" : 20047.5,
    "minResTime" : 20019.0,
    "maxResTime" : 20251.0,
    "pct1ResTime" : 20155.3,
    "pct2ResTime" : 20211.4,
    "pct3ResTime" : 20251.0,
    "throughput" : 0.14058633875684184,
    "receivedKBytesPerSec" : 0.3043749150624203,
    "sentKBytesPerSec" : 0.0
  }
}