{
  "Open Proposal" : {
    "transaction" : "Open Proposal",
    "sampleCount" : 30,
    "errorCount" : 4,
    "errorPct" : 13.333333,
    "meanResTime" : 4046.2,
    "medianResTime" : 1494.0,
    "minResTime" : 1386.0,
    "maxResTime" : 20042.0,
    "pct1ResTime" : 20012.6,
    "pct2ResTime" : 20031.0,
    "pct3ResTime" : 20042.0,
    "throughput" : 0.12648354659864663,
    "receivedKBytesPerSec" : 23.40876534271771,
    "sentKBytesPerSec" : 0.0
  },
  "Total" : {
    "transaction" : "Total",
    "sampleCount" : 90,
    "errorCount" : 10,
    "errorPct" : 11.111111,
    "meanResTime" : 4992.144444444445,
    "medianResTime" : 1758.0,
    "minResTime" : 1257.0,
    "maxResTime" : 21011.0,
    "pct1ResTime" : 20008.6,
    "pct2ResTime" : 20044.25,
    "pct3ResTime" : 21011.0,
    "throughput" : 0.3665868322009873,
    "receivedKBytesPerSec" : 57.763122153860564,
    "sentKBytesPerSec" : 0.0
  },
  "Login" : {
    "transaction" : "Login",
    "sampleCount" : 30,
    "errorCount" : 3,
    "errorPct" : 10.0,
    "meanResTime" : 7552.7,
    "medianResTime" : 6166.0,
    "minResTime" : 5496.0,
    "maxResTime" : 21011.0,
    "pct1ResTime" : 18891.00000000003,
    "pct2ResTime" : 20582.0,
    "pct3ResTime" : 21011.0,
    "throughput" : 0.146043676795607,
    "receivedKBytesPerSec" : 20.797903162697523,
    "sentKBytesPerSec" : 0.0
  },
  "Search Proposal" : {
    "transaction" : "Search Proposal",
    "sampleCount" : 30,
    "errorCount" : 3,
    "errorPct" : 10.0,
    "meanResTime" : 3377.5333333333338,
    "medianResTime" : 1506.5,
    "minResTime" : 1257.0,
    "maxResTime" : 20047.0,
    "pct1ResTime" : 18192.500000000036,
    "pct2ResTime" : 20037.1,
    "pct3ResTime" : 20047.0,
    "throughput" : 0.13704512439129124,
    "receivedKBytesPerSec" : 19.902775228008824,
    "sentKBytesPerSec" : 0.0
  }
}