{
  "Open Proposal" : {
    "transaction" : "Open Proposal",
    "sampleCount" : 30,
    "errorCount" : 30,
    "errorPct" : 100.0,
    "meanResTime" : 20035.433333333334,
    "medianResTime" : 20036.5,
    "minResTime" : 20008.0,
    "maxResTime" : 20073.0,
    "pct1ResTime" : 20059.9,
    "pct2ResTime" : 20069.15,
    "pct3ResTime" : 20073.0,
    "throughput" : 0.14277012106906267,
    "receivedKBytesPerSec" : 0.310032382048085,
    "sentKBytesPerSec" : 0.0
  },
  "Total" : {
    "transaction" : "Total",
    "sampleCount" : 90,
    "errorCount" : 60,
    "errorPct" : 66.666664,
    "meanResTime" : 16027.444444444442,
    "medianResTime" : 20025.0,
    "minResTime" : 7271.0,
    "maxResTime" : 20285.0,
    "pct1ResTime" : 20062.8,
    "pct2ResTime" : 20144.4,
    "pct3ResTime" : 20285.0,
    "throughput" : 0.37528302594873636,
    "receivedKBytesPerSec" : 20.807399603972165,
    "sentKBytesPerSec" : 0.0
  },
  "Login" : {
    "transaction" : "Login",
    "sampleCount" : 30,
    "errorCount" : 0,
    "errorPct" : 0.0,
    "meanResTime" : 7976.733333333334,
    "medianResTime" : 7974.0,
    "minResTime" : 7271.0,
    "maxResTime" : 8765.0,
    "pct1ResTime" : 8631.800000000001,
    "pct2ResTime" : 8760.6,
    "pct3ResTime" : 8765.0,
    "throughput" : 0.15039855617386072,
    "receivedKBytesPerSec" : 24.364125479395398,
    "sentKBytesPerSec" : 0.0
  },
  "Search Proposal" : {
    "transaction" : "Search Proposal",
    "sampleCount" : 30,
    "errorCount" : 30,
    "errorPct" : 100.0,
    "meanResTime" : 20070.16666666667,
    "medianResTime" : 20051.5,
    "minResTime" : 20009.0,
    "maxResTime" : 20285.0,
    "pct1ResTime" : 20219.3,
    "pct2ResTime" : 20280.6,
    "pct3ResTime" : 20285.0,
    "throughput" : 0.14276876219483176,
    "receivedKBytesPerSec" : 0.309099947056584,
    "sentKBytesPerSec" : 0.0
  }
}