{
  "Open Proposal" : {
    "transaction" : "Open Proposal",
    "sampleCount" : 30,
    "errorCount" : 0,
    "errorPct" : 0.0,
    "meanResTime" : 1376.2333333333336,
    "medianResTime" : 1465.5,
    "minResTime" : 183.0,
    "maxResTime" : 2150.0,
    "pct1ResTime" : 1737.9,
    "pct2ResTime" : 1962.4499999999998,
    "pct3ResTime" : 2150.0,
    "throughput" : 0.1564096682029572,
    "receivedKBytesPerSec" : 33.31140509159089,
    "sentKBytesPerSec" : 0.0
  },
  "Total" : {
    "transaction" : "Total",
    "sampleCount" : 90,
    "errorCount" : 0,
    "errorPct" : 0.0,
    "meanResTime" : 3095.477777777778,
    "medianResTime" : 1519.5,
    "minResTime" : 183.0,
    "maxResTime" : 7104.0,
    "pct1ResTime" : 6640.2,
    "pct2ResTime" : 6943.85,
    "pct3ResTime" : 7104.0,
    "throughput" : 0.4481268298512219,
    "receivedKBytesPerSec" : 79.48280095451014,
    "sentKBytesPerSec" : 0.0
  },
  "Login" : {
    "transaction" : "Login",
    "sampleCount" : 30,
    "errorCount" : 0,
    "errorPct" : 0.0,
    "meanResTime" : 6433.666666666667,
    "medianResTime" : 6400.5,
    "minResTime" : 5849.0,
    "maxResTime" : 7104.0,
    "pct1ResTime" : 6951.9,
    "pct2ResTime" : 7022.599999999999,
    "pct3ResTime" : 7104.0,
    "throughput" : 0.15167908749860962,
    "receivedKBytesPerSec" : 23.964555204235893,
    "sentKBytesPerSec" : 0.0
  },
  "Search Proposal" : {
    "transaction" : "Search Proposal",
    "sampleCount" : 30,
    "errorCount" : 0,
    "errorPct" : 0.0,
    "meanResTime" : 1476.533333333333,
    "medianResTime" : 1488.0,
    "minResTime" : 1289.0,
    "maxResTime" : 1747.0,
    "pct1ResTime" : 1537.6000000000001,
    "pct2ResTime" : 1634.2499999999998,
    "pct3ResTime" : 1747.0,
    "throughput" : 0.15605168431784608,
    "receivedKBytesPerSec" : 25.144574367405486,
    "sentKBytesPerSec" : 0.0
  }
}