{
  "Open Proposal" : {
    "transaction" : "Open Proposal",
    "sampleCount" : 30,
    "errorCount" : 0,
    "errorPct" : 0.0,
    "meanResTime" : 1453.1666666666665,
    "medianResTime" : 1502.0,
    "minResTime" : 141.0,
    "maxResTime" : 2002.0,
    "pct1ResTime" : 1728.6000000000001,
    "pct2ResTime" : 1933.25,
    "pct3ResTime" : 2002.0,
    "throughput" : 0.15597704017968556,
    "receivedKBytesPerSec" : 33.237326215581064,
    "sentKBytesPerSec" : 0.0
  },
  "Total" : {
    "transaction" : "Total",
    "sampleCount" : 90,
    "errorCount" : 0,
    "errorPct" : 0.0,
    "meanResTime" : 3071.8777777777777,
    "medianResTime" : 1571.0,
    "minResTime" : 141.0,
    "maxResTime" : 8506.0,
    "pct1ResTime" : 6374.2,
    "pct2ResTime" : 6723.25,
    "pct3ResTime" : 8506.0,
    "throughput" : 0.4488218426630096,
    "receivedKBytesPerSec" : 79.62307926069069,
    "sentKBytesPerSec" : 0.0
  },
  "Login" : {
    "transaction" : "Login",
    "sampleCount" : 30,
    "errorCount" : 0,
    "errorPct" : 0.0,
    "meanResTime" : 6256.2333333333345,
    "medianResTime" : 6022.5,
    "minResTime" : 5545.0,
    "maxResTime" : 8506.0,
    "pct1ResTime" : 7406.300000000001,
    "pct2ResTime" : 8143.549999999999,
    "pct3ResTime" : 8506.0,
    "throughput" : 0.1518164842338581,
    "receivedKBytesPerSec" : 23.98626321752266,
    "sentKBytesPerSec" : 0.0
  },
  "Search Proposal" : {
    "transaction" : "Search Proposal",
    "sampleCount" : 30,
    "errorCount" : 0,
    "errorPct" : 0.0,
    "meanResTime" : 1506.2333333333331,
    "medianResTime" : 1485.5,
    "minResTime" : 1274.0,
    "maxResTime" : 2018.0,
    "pct1ResTime" : 1650.9,
    "pct2ResTime" : 1910.7499999999998,
    "pct3ResTime" : 2018.0,
    "throughput" : 0.15573251383423833,
    "receivedKBytesPerSec" : 25.092816983798627,
    "sentKBytesPerSec" : 0.0
  }
}