{
  "Open Proposal" : {
    "transaction" : "Open Proposal",
    "sampleCount" : 7,
    "errorCount" : 0,
    "errorPct" : 0.0,
    "meanResTime" : 1110.2857142857142,
    "medianResTime" : 299.0,
    "minResTime" : 95.0,
    "maxResTime" : 2607.0,
    "pct1ResTime" : 2607.0,
    "pct2ResTime" : 2607.0,
    "pct3ResTime" : 2607.0,
    "throughput" : 0.27040599528720977,
    "receivedKBytesPerSec" : 57.463688337775714,
    "sentKBytesPerSec" : 0.0
  },
  "Total" : {
    "transaction" : "Total",
    "sampleCount" : 21,
    "errorCount" : 0,
    "errorPct" : 0.0,
    "meanResTime" : 3493.761904761905,
    "medianResTime" : 1901.0,
    "minResTime" : 95.0,
    "maxResTime" : 8854.0,
    "pct1ResTime" : 8324.0,
    "pct2ResTime" : 8804.199999999999,
    "pct3ResTime" : 8854.0,
    "throughput" : 0.5908170155300473,
    "receivedKBytesPerSec" : 104.70047357676403,
    "sentKBytesPerSec" : 0.0
  },
  "Login" : {
    "transaction" : "Login",
    "sampleCount" : 7,
    "errorCount" : 0,
    "errorPct" : 0.0,
    "meanResTime" : 7730.714285714286,
    "medianResTime" : 7810.0,
    "minResTime" : 6431.0,
    "maxResTime" : 8854.0,
    "pct1ResTime" : 8854.0,
    "pct2ResTime" : 8854.0,
    "pct3ResTime" : 8854.0,
    "throughput" : 0.21926389976507438,
    "receivedKBytesPerSec" : 34.642625538371185,
    "sentKBytesPerSec" : 0.0
  },
  "Search Proposal" : {
    "transaction" : "Search Proposal",
    "sampleCount" : 7,
    "errorCount" : 0,
    "errorPct" : 0.0,
    "meanResTime" : 1640.2857142857144,
    "medianResTime" : 1641.0,
    "minResTime" : 1337.0,
    "maxResTime" : 1901.0,
    "pct1ResTime" : 1901.0,
    "pct2ResTime" : 1901.0,
    "pct3ResTime" : 1901.0,
    "throughput" : 0.269179004037685,
    "receivedKBytesPerSec" : 43.37417083253221,
    "sentKBytesPerSec" : 0.0
  }
}