{
  "Open Proposal" : {
    "transaction" : "Open Proposal",
    "sampleCount" : 1,
    "errorCount" : 1,
    "errorPct" : 100.0,
    "meanResTime" : 20045.0,
    "medianResTime" : 20045.0,
    "minResTime" : 20045.0,
    "maxResTime" : 20045.0,
    "pct1ResTime" : 20045.0,
    "pct2ResTime" : 20045.0,
    "pct3ResTime" : 20045.0,
    "throughput" : 0.049887752556747315,
    "receivedKBytesPerSec" : 0.10839868109254178,
    "sentKBytesPerSec" : 0.0
  },
  "Total" : {
    "transaction" : "Total",
    "sampleCount" : 3,
    "errorCount" : 3,
    "errorPct" : 100.0,
    "meanResTime" : 20110.0,
    "medianResTime" : 20045.0,
    "minResTime" : 20028.0,
    "maxResTime" : 20257.0,
    "pct1ResTime" : 20257.0,
    "pct2ResTime" : 20257.0,
    "pct3ResTime" : 20257.0,
    "throughput" : 0.0493981656814477,
    "receivedKBytesPerSec" : 0.10640223382621725,
    "sentKBytesPerSec" : 0.0
  },
  "Login" : {
    "transaction" : "Login",
    "sampleCount" : 1,
    "errorCount" : 1,
    "errorPct" : 100.0,
    "meanResTime" : 20257.0,
    "medianResTime" : 20257.0,
    "minResTime" : 20257.0,
    "maxResTime" : 20257.0,
    "pct1ResTime" : 20257.0,
    "pct2ResTime" : 20257.0,
    "pct3ResTime" : 20257.0,
    "throughput" : 0.049365651379769955,
    "receivedKBytesPerSec" : 0.10485380053808559,
    "sentKBytesPerSec" : 0.0
  },
  "Search Proposal" : {
    "transaction" : "Search Proposal",
    "sampleCount" : 1,
    "errorCount" : 1,
    "errorPct" : 100.0,
    "meanResTime" : 20028.0,
    "medianResTime" : 20028.0,
    "minResTime" : 20028.0,
    "maxResTime" : 20028.0,
    "pct1ResTime" : 20028.0,
    "pct2ResTime" : 20028.0,
    "pct3ResTime" : 20028.0,
    "throughput" : 0.04993009786299181,
    "receivedKBytesPerSec" : 0.10810061226782505,
    "sentKBytesPerSec" : 0.0
  }
}