{
  "Open Proposal" : {
    "transaction" : "Open Proposal",
    "sampleCount" : 30,
    "errorCount" : 30,
    "errorPct" : 100.0,
    "meanResTime" : 20031.699999999997,
    "medianResTime" : 20027.5,
    "minResTime" : 20006.0,
    "maxResTime" : 20077.0,
    "pct1ResTime" : 20053.3,
    "pct2ResTime" : 20072.05,
    "pct3ResTime" : 20077.0,
    "throughput" : 0.15026521810996407,
    "receivedKBytesPerSec" : 0.3263083561235581,
    "sentKBytesPerSec" : 0.0
  },
  "Total" : {
    "transaction" : "Total",
    "sampleCount" : 90,
    "errorCount" : 60,
    "errorPct" : 66.666664,
    "meanResTime" : 15970.08888888889,
    "medianResTime" : 20021.0,
    "minResTime" : 6399.0,
    "maxResTime" : 20311.0,
    "pct1ResTime" : 20072.5,
    "pct2ResTime" : 20188.5,
    "pct3ResTime" : 20311.0,
    "throughput" : 0.3873816871763749,
    "receivedKBytesPerSec" : 21.23313595025804,
    "sentKBytesPerSec" : 0.0
  },
  "Login" : {
    "transaction" : "Login",
    "sampleCount" : 30,
    "errorCount" : 0,
    "errorPct" : 0.0,
    "meanResTime" : 7798.899999999999,
    "medianResTime" : 7616.5,
    "minResTime" : 6399.0,
    "maxResTime" : 10527.0,
    "pct1ResTime" : 8969.000000000002,
    "pct2ResTime" : 10476.4,
    "pct3ResTime" : 10527.0,
    "throughput" : 0.15624186240299984,
    "receivedKBytesPerSec" : 25.014195020767147,
    "sentKBytesPerSec" : 0.0
  },
  "Search Proposal" : {
    "transaction" : "Search Proposal",
    "sampleCount" : 30,
    "errorCount" : 30,
    "errorPct" : 100.0,
    "meanResTime" : 20079.66666666667,
    "medianResTime" : 20053.0,
    "minResTime" : 20012.0,
    "maxResTime" : 20311.0,
    "pct1ResTime" : 20247.7,
    "pct2ResTime" : 20288.45,
    "pct3ResTime" : 20311.0,
    "throughput" : 0.15014413837283794,
    "receivedKBytesPerSec" : 0.3250679245825993,
    "sentKBytesPerSec" : 0.0
  }
}