{
  "Open Proposal" : {
    "transaction" : "Open Proposal",
    "sampleCount" : 30,
    "errorCount" : 2,
    "errorPct" : 6.6666665,
    "meanResTime" : 2671.066666666667,
    "medianResTime" : 1511.0,
    "minResTime" : 217.0,
    "maxResTime" : 20042.0,
    "pct1ResTime" : 1865.3000000000002,
    "pct2ResTime" : 20032.65,
    "pct3ResTime" : 20042.0,
    "throughput" : 0.12286622325611873,
    "receivedKBytesPerSec" : 24.497901099345533,
    "sentKBytesPerSec" : 0.0
  },
  "Total" : {
    "transaction" : "Total",
    "sampleCount" : 90,
    "errorCount" : 4,
    "errorPct" : 4.4444447,
    "meanResTime" : 3819.2444444444445,
    "medianResTime" : 1557.5,
    "minResTime" : 217.0,
    "maxResTime" : 21077.0,
    "pct1ResTime" : 6442.1,
    "pct2ResTime" : 12691.550000000037,
    "pct3ResTime" : 21077.0,
    "throughput" : 0.3559352197899982,
    "receivedKBytesPerSec" : 60.27389091574223,
    "sentKBytesPerSec" : 0.0
  },
  "Login" : {
    "transaction" : "Login",
    "sampleCount" : 30,
    "errorCount" : 1,
    "errorPct" : 3.3333333,
    "meanResTime" : 6647.833333333333,
    "medianResTime" : 6213.5,
    "minResTime" : 5732.0,
    "maxResTime" : 21077.0,
    "pct1ResTime" : 6623.1,
    "pct2ResTime" : 13173.499999999989,
    "pct3ResTime" : 21077.0,
    "throughput" : 0.14098141864902206,
    "receivedKBytesPerSec" : 21.541988305003898,
    "sentKBytesPerSec" : 0.0
  },
  "Search Proposal" : {
    "transaction" : "Search Proposal",
    "sampleCount" : 30,
    "errorCount" : 1,
    "errorPct" : 3.3333333,
    "meanResTime" : 2138.8333333333335,
    "medianResTime" : 1511.0,
    "minResTime" : 1363.0,
    "maxResTime" : 20006.0,
    "pct1ResTime" : 1729.6000000000001,
    "pct2ResTime" : 10050.449999999986,
    "pct3ResTime" : 20006.0,
    "throughput" : 0.13272515716870695,
    "receivedKBytesPerSec" : 20.682761711889075,
    "sentKBytesPerSec" : 0.0
  }
}