{
  "Open Proposal" : {
    "transaction" : "Open Proposal",
    "sampleCount" : 3,
    "errorCount" : 0,
    "errorPct" : 0.0,
    "meanResTime" : 1576.3333333333333,
    "medianResTime" : 2225.0,
    "minResTime" : 262.0,
    "maxResTime" : 2242.0,
    "pct1ResTime" : 2242.0,
    "pct2ResTime" : 2242.0,
    "pct3ResTime" : 2242.0,
    "throughput" : 1.1503067484662577,
    "receivedKBytesPerSec" : 244.74236423983893,
    "sentKBytesPerSec" : 0.0
  },
  "Total" : {
    "transaction" : "Total",
    "sampleCount" : 9,
    "errorCount" : 0,
    "errorPct" : 0.0,
    "meanResTime" : 4006.777777777778,
    "medianResTime" : 2225.0,
    "minResTime" : 262.0,
    "maxResTime" : 8748.0,
    "pct1ResTime" : 8748.0,
    "pct2ResTime" : 8748.0,
    "pct3ResTime" : 8748.0,
    "throughput" : 0.6424900057110222,
    "receivedKBytesPerSec" : 113.91181880443318,
    "sentKBytesPerSec" : 0.0
  },
  "Login" : {
    "transaction" : "Login",
    "sampleCount" : 3,
    "errorCount" : 0,
    "errorPct" : 0.0,
    "meanResTime" : 8603.333333333334,
    "medianResTime" : 8743.0,
    "minResTime" : 8319.0,
    "maxResTime" : 8748.0,
    "pct1ResTime" : 8748.0,
    "pct2ResTime" : 8748.0,
    "pct3ResTime" : 8748.0,
    "throughput" : 0.3427396321261282,
    "receivedKBytesPerSec" : 54.15118834256826,
    "sentKBytesPerSec" : 0.0
  },
  "Search Proposal" : {
    "transaction" : "Search Proposal",
    "sampleCount" : 3,
    "errorCount" : 0,
    "errorPct" : 0.0,
    "meanResTime" : 1840.6666666666667,
    "medianResTime" : 1922.0,
    "minResTime" : 1628.0,
    "maxResTime" : 1972.0,
    "pct1ResTime" : 1972.0,
    "pct2ResTime" : 1972.0,
    "pct3ResTime" : 1972.0,
    "throughput" : 1.509813789632612,
    "receivedKBytesPerSec" : 243.282999654001,
    "sentKBytesPerSec" : 0.0
  }
}