{
  "Open Proposal" : {
    "transaction" : "Open Proposal",
    "sampleCount" : 30,
    "errorCount" : 30,
    "errorPct" : 100.0,
    "meanResTime" : 20042.96666666667,
    "medianResTime" : 20041.0,
    "minResTime" : 20007.0,
    "maxResTime" : 20086.0,
    "pct1ResTime" : 20078.3,
    "pct2ResTime" : 20084.35,
    "pct3ResTime" : 20086.0,
    "throughput" : 0.1546176563055657,
    "receivedKBytesPerSec" : 0.33575989102032194,
    "sentKBytesPerSec" : 0.0
  },
  "Total" : {
    "transaction" : "Total",
    "sampleCount" : 90,
    "errorCount" : 60,
    "errorPct" : 66.666664,
    "meanResTime" : 16843.9,
    "medianResTime" : 20028.5,
    "minResTime" : 8646.0,
    "maxResTime" : 20355.0,
    "pct1ResTime" : 20219.8,
    "pct2ResTime" : 20260.7,
    "pct3ResTime" : 20355.0,
    "throughput" : 0.3852805698727718,
    "receivedKBytesPerSec" : 21.36144140150088,
    "sentKBytesPerSec" : 0.0
  },
  "Login" : {
    "transaction" : "Login",
    "sampleCount" : 30,
    "errorCount" : 0,
    "errorPct" : 0.0,
    "meanResTime" : 10353.766666666665,
    "medianResTime" : 9859.0,
    "minResTime" : 8646.0,
    "maxResTime" : 16871.0,
    "pct1ResTime" : 13291.400000000003,
    "pct2ResTime" : 16682.9,
    "pct3ResTime" : 16871.0,
    "throughput" : 0.155220853404252,
    "receivedKBytesPerSec" : 25.145000126116944,
    "sentKBytesPerSec" : 0.0
  },
  "Search Proposal" : {
    "transaction" : "Search Proposal",
    "sampleCount" : 30,
    "errorCount" : 30,
    "errorPct" : 100.0,
    "meanResTime" : 20134.966666666664,
    "medianResTime" : 20091.5,
    "minResTime" : 20014.0,
    "maxResTime" : 20355.0,
    "pct1ResTime" : 20282.9,
    "pct2ResTime" : 20347.3,
    "pct3ResTime" : 20355.0,
    "throughput" : 0.1545085597742115,
    "receivedKBytesPerSec" : 0.3345170674017841,
    "sentKBytesPerSec" : 0.0
  }
}