{
  "Open Proposal" : {
    "transaction" : "Open Proposal",
    "sampleCount" : 7,
    "errorCount" : 0,
    "errorPct" : 0.0,
    "meanResTime" : 1057.857142857143,
    "medianResTime" : 280.0,
    "minResTime" : 143.0,
    "maxResTime" : 2336.0,
    "pct1ResTime" : 2336.0,
    "pct2ResTime" : 2336.0,
    "pct3ResTime" : 2336.0,
    "throughput" : 0.24790168927293973,
    "receivedKBytesPerSec" : 52.83581133574743,
    "sentKBytesPerSec" : 0.0
  },
  "Total" : {
    "transaction" : "Total",
    "sampleCount" : 21,
    "errorCount" : 0,
    "errorPct" : 0.0,
    "meanResTime" : 3635.3333333333335,
    "medianResTime" : 2081.0,
    "minResTime" : 143.0,
    "maxResTime" : 8823.0,
    "pct1ResTime" : 8651.2,
    "pct2ResTime" : 8809.6,
    "pct3ResTime" : 8823.0,
    "throughput" : 0.5679052409540809,
    "receivedKBytesPerSec" : 100.75852217027692,
    "sentKBytesPerSec" : 0.0
  },
  "Login" : {
    "transaction" : "Login",
    "sampleCount" : 7,
    "errorCount" : 0,
    "errorPct" : 0.0,
    "meanResTime" : 7803.714285714285,
    "medianResTime" : 8392.0,
    "minResTime" : 5705.0,
    "maxResTime" : 8823.0,
    "pct1ResTime" : 8823.0,
    "pct2ResTime" : 8823.0,
    "pct3ResTime" : 8823.0,
    "throughput" : 0.21310926416415502,
    "receivedKBytesPerSec" : 33.67022316535756,
    "sentKBytesPerSec" : 0.0
  },
  "Search Proposal" : {
    "transaction" : "Search Proposal",
    "sampleCount" : 7,
    "errorCount" : 0,
    "errorPct" : 0.0,
    "meanResTime" : 2044.4285714285713,
    "medianResTime" : 2042.0,
    "minResTime" : 1704.0,
    "maxResTime" : 2798.0,
    "pct1ResTime" : 2798.0,
    "pct2ResTime" : 2798.0,
    "pct3ResTime" : 2798.0,
    "throughput" : 0.24590739829972602,
    "receivedKBytesPerSec" : 39.624745584644835,
    "sentKBytesPerSec" : 0.0
  }
}