{
  "Open Proposal" : {
    "transaction" : "Open Proposal",
    "sampleCount" : 100,
    "errorCount" : 4,
    "errorPct" : 4.0,
    "meanResTime" : 2495.91,
    "medianResTime" : 1694.0,
    "minResTime" : 180.0,
    "maxResTime" : 20055.0,
    "pct1ResTime" : 2735.2000000000003,
    "pct2ResTime" : 3300.3499999999995,
    "pct3ResTime" : 20054.93,
    "throughput" : 0.16906656657925925,
    "receivedKBytesPerSec" : 34.52485241545404,
    "sentKBytesPerSec" : 0.0
  },
  "Total" : {
    "transaction" : "Total",
    "sampleCount" : 300,
    "errorCount" : 11,
    "errorPct" : 3.6666667,
    "meanResTime" : 4059.370000000002,
    "medianResTime" : 1784.0,
    "minResTime" : 180.0,
    "maxResTime" : 20241.0,
    "pct1ResTime" : 7391.6,
    "pct2ResTime" : 8591.199999999999,
    "pct3ResTime" : 20212.52,
    "throughput" : 0.49857324955086857,
    "receivedKBytesPerSec" : 85.00776151309503,
    "sentKBytesPerSec" : 0.0
  },
  "Login" : {
    "transaction" : "Login",
    "sampleCount" : 100,
    "errorCount" : 3,
    "errorPct" : 3.0,
    "meanResTime" : 7409.560000000001,
    "medianResTime" : 6958.0,
    "minResTime" : 5943.0,
    "maxResTime" : 20241.0,
    "pct1ResTime" : 8020.6,
    "pct2ResTime" : 9213.8,
    "pct3ResTime" : 20240.77,
    "throughput" : 0.16700819843246104,
    "receivedKBytesPerSec" : 25.473197832797236,
    "sentKBytesPerSec" : 0.0
  },
  "Search Proposal" : {
    "transaction" : "Search Proposal",
    "sampleCount" : 100,
    "errorCount" : 4,
    "errorPct" : 4.0,
    "meanResTime" : 2272.6400000000003,
    "medianResTime" : 1498.0,
    "minResTime" : 1273.0,
    "maxResTime" : 20066.0,
    "pct1ResTime" : 1876.5000000000005,
    "pct2ResTime" : 2159.4499999999985,
    "pct3ResTime" : 20065.79,
    "throughput" : 0.16884333870817964,
    "receivedKBytesPerSec" : 26.13203357819135,
    "sentKBytesPerSec" : 0.0
  }
}