{
  "Open Proposal" : {
    "transaction" : "Open Proposal",
    "sampleCount" : 20,
    "errorCount" : 0,
    "errorPct" : 0.0,
    "meanResTime" : 1543.1,
    "medianResTime" : 1582.0,
    "minResTime" : 166.0,
    "maxResTime" : 2062.0,
    "pct1ResTime" : 1933.9000000000003,
    "pct2ResTime" : 2056.2999999999997,
    "pct3ResTime" : 2062.0,
    "throughput" : 0.1189845855469424,
    "receivedKBytesPerSec" : 25.532569892289203,
    "sentKBytesPerSec" : 0.0
  },
  "Total" : {
    "transaction" : "Total",
    "sampleCount" : 60,
    "errorCount" : 0,
    "errorPct" : 0.0,
    "meanResTime" : 2849.3833333333328,
    "medianResTime" : 1591.5,
    "minResTime" : 166.0,
    "maxResTime" : 6325.0,
    "pct1ResTime" : 5685.4,
    "pct2ResTime" : 5922.7,
    "pct3ResTime" : 6325.0,
    "throughput" : 0.3398316700461039,
    "receivedKBytesPerSec" : 60.457066295140976,
    "sentKBytesPerSec" : 0.0
  },
  "Login" : {
    "transaction" : "Login",
    "sampleCount" : 20,
    "errorCount" : 0,
    "errorPct" : 0.0,
    "meanResTime" : 5555.0999999999985,
    "medianResTime" : 5418.5,
    "minResTime" : 5185.0,
    "maxResTime" : 6325.0,
    "pct1ResTime" : 6009.7,
    "pct2ResTime" : 6309.7,
    "pct3ResTime" : 6325.0,
    "throughput" : 0.11438964544929392,
    "receivedKBytesPerSec" : 18.073005437797768,
    "sentKBytesPerSec" : 0.0
  },
  "Search Proposal" : {
    "transaction" : "Search Proposal",
    "sampleCount" : 20,
    "errorCount" : 0,
    "errorPct" : 0.0,
    "meanResTime" : 1449.95,
    "medianResTime" : 1436.5,
    "minResTime" : 1274.0,
    "maxResTime" : 1779.0,
    "pct1ResTime" : 1588.5,
    "pct2ResTime" : 1769.6499999999999,
    "pct3ResTime" : 1779.0,
    "throughput" : 0.117826571070042,
    "receivedKBytesPerSec" : 18.984996120928354,
    "sentKBytesPerSec" : 0.0
  }
}